title,path,updateAt,createAt,keywords
タイトルdata,/test.pdf,2024/5/11,2024/4/23,aaa
タイトルdata,/test.pdf,2024/5/11,2024/4/23,abb
タイトルdata,/test.pdf,2024/5/11,2024/4/23,bbb
タイトルdata,/test.pdf,2024/5/11,2024/4/23,abc
タイトルdata,/test.pdf,2024/5/11,2024/4/23,aac
タイトルdata,/test.pdf,2024/5/11,2024/4/23,accc
タイトルdatadfgsdfgdgdfgdesfgdfgdfgdsfgdfgdfgdsgdg,/test.pdf,2024/5/11,2024/4/23,aaa
タイトルdata,/test.pdf,2024/5/11,2024/4/23,abbb
タイトルdata,/test.pdf,2024/5/11,2024/4/23,aba
タイトルdata,/test.pdf,2024/5/11,2024/4/23,aasds
タイトルdata,/test.pdf,2024/5/11,2024/4/23,aasdsds
タイトルdata,/test.pdf,2024/5/11,2024/4/23,aasdsd
タイトルdata,/test.pdf,2024/5/11,2024/4/23,aasdsds
タイトルdata,/test.pdf,2024/5/11,2024/4/23,adsfsdf
タイトルdata,/test.pdf,2024/5/11,2024/4/23,adsfs
タイトルdata,/test.pdf,2024/5/11,2024/4/23,adsf
タイトルdata,/test.pdf,2024/5/11,2024/4/23,aaa
タイトルdata,/test.pdf,2024/5/11,2024/4/23,aaa
タイトルdata,/test.pdf,2024/5/11,2024/4/23,aaa
タイトルdata,/test.pdf,2024/5/11,2024/4/23,aaa
タイトルdata,/test.pdf,2024/5/11,2024/4/23,aaa
タイトルdata,/test.pdf,2024/5/11,2024/4/23,aaa